,0
index,0
_id,5c809adaa52fc8002453f2ba
title,知名歌手的老師 幫你歌聲大改造
metaDescription,歌唱教學課程，專業歌唱老師－陳威宇，曾指導過眾多發片歌手，親自帶你練習唱歌。從基礎歌唱練習，如：發聲、尋找音域開始，到進階歌唱技巧，如：真假音、中高音等，跟著威宇老師一起改造你的歌聲。
status,已開課
uniquename,icansing
tags,[]
averageRating,4.88
numRating,50
bookmarkCount,1746
video,5cd2544e1bf6460022f559cd
totalVideoLengthInSeconds,12501.0
assignment,
課程類別,音樂
course_url,https://hahow.in/courses/5c809adaa52fc8002453f2ba/main
owner__id,5c809acda52fc8002453f2b5
owner_name,威宇老師
estimatedCourseStartTime,2019-08-05T16:00:00.000Z
createdAt,2019-03-07T04:15:22.000Z
incubateTime,2019-05-08T04:00:14.189Z
publishTime,2019-08-06T04:01:27.250Z
proposalDueTime,2019-06-06T16:00:00.000Z
isReject,False
modules,"['5cca891b40dfd300201f00df', '5cca891740dfd300201f00dc', '5c91835ded65c200740f0ad4', '5d809f4745639e00212d7273']"
includedKnowledgeCollections,[]
bestDiscount,
successCriteria_numSoldTickets,50
preOrderedPrice,1499.0
price,2200.0
numSoldTickets,2282.0
開課後銷售額,1660.0
contentRating_brief,LEVEL_0
contentRating_content,LEVEL_0
comment,"[{'_id': '6208ae98bd0dcb00066a0ae9', 'status': 'PUBLISHED', 'postTime': '2022-07-30T08:08:13.198Z', 'isTeacherRead': False, 'owner': {'_id': '62026d9552160300064e7160', 'name': 'あきらる', 'profileImageUrl': 'https://profile.line-scdn.net/0hofq5bYdYMElMTCbeUYdPHnAJPiQ7YjYBNC52KW9NZ3w2eHdLdH97KGkcPXEyL38Wd3ooJ29Ib3oy'}, 'usefulCount': 1, 'edited': True, 'rating': 5, 'title': '穩定的聲音來自穩定的心', 'description': '看各式影片自學了一段時間\n一直抓不到最重要最基本可以穩定聲音的秘密\n原來就在這裡\n\n這是CP值很高的一門課程\n相信自己\n照老師說的練習\n不要急 不要慌  用安穩開放的心持續下去\n一段時間會有效果出來', 'currentUserReported': False, 'usefulClicked': False}, {'_id': '5eb836458d008884a9eab181', 'status': 'PUBLISHED', 'postTime': '2020-05-10T17:14:19.392Z', 'isTeacherRead': True, 'owner': {'_id': '5e78c0649c4b140023a7b2fe', 'name': '水鬼先生', 'username': 'eukaryotic37'}, 'usefulCount': 1, 'edited': True, 'rating': 5, 'title': '心得', 'description': '唱歌教學裡面每個老師都有一套自己的方法，老師這一套強調的是放鬆。\n簡單來說就是因為你的意志笨蛋所以不要來亂 只要出聲交給你身體就好。\n是蠻有趣的概念也有自己口部操的練習，整體來說滿推薦的。', 'toTeacher': '老師 前面剛開始動畫的聲音有點大 戴耳機常常會炸到耳朵', 'currentUserReported': False, 'usefulClicked': False}, {'_id': '622712877f787a0006b2af36', 'status': 'PUBLISHED', 'postTime': '2022-03-08T08:23:35.067Z', 'isTeacherRead': False, 'owner': {'_id': '6222da3db0e7070006958101', 'username': '964222966', 'name': '964222966'}, 'usefulCount': 0, 'edited': False, 'rating': 5, 'title': '课程非常细致有帮助 对于声音连接以及力量 实际演唱非常有作用', 'description': '威宇老师讲解非常细致 简洁有力的课程设计 内容以人作为出发点 个人练习过很多体系的内容 练声如果不以表达为目的 实际上练声再好也离实际演唱有相当大的距离 很多的教学都忽略了以人的发声动机以及情绪驱动作为出发点 而这套课程对于实际演唱 调整发声习惯 音域扩展 以及力量提升 都会有明显的效果 实际加强了口咽腔肌肉 声带 气流的整体配合以及发声的协调性 歌唱思维的练习 也是告诉了练习的人在发声过程中实际需要的专注的想法 方法步骤明确 对唱歌这件事有追求的朋友 或者刻苦练习遇到瓶颈的同学 选择这套课程一定会对你有意想不到的提升哦', 'currentUserReported': False, 'usefulClicked': False}, {'_id': '5f408099df881ad61018765b', 'status': 'PUBLISHED', 'postTime': '2020-08-22T02:19:05.081Z', 'isTeacherRead': True, 'owner': {'_id': '57a2b370d0c303070041d9ed', 'name': '狐邏伯特', 'username': 'muchr', 'profileImageUrl': 'https://images.api.hahow.in/images/5c000f0ca45e4500200ea327'}, 'usefulCount': 0, 'edited': False, 'rating': 5, 'title': '此課程適合所有喜歡唱歌的人!!!!!', 'description': '從一開始到最後的教學都讓我驚豔，\n沒想到原來唱歌前需要做那麼多的前置準備，以及更多時間的練習基礎、技巧，還有給自己更多的時間去感受自己的變化。\n謝謝老師開了新的一扇窗，讓我也更注意自己的嘴巴、舌頭、喉嚨等部位，想要讓他們更能放鬆的應用不同技巧!\n老師也會陪著學生一起練習(我想拍攝影片時候感覺很尷尬?哈哈哈)但我真的覺得老師就在前面一對一的練習QQ\n感受到老師用心的準備課程，謝謝您Q0Q)', 'currentUserReported': False, 'usefulClicked': False}, {'_id': '5eb8b672df21684893d47086', 'status': 'PASSED', 'postTime': '2020-05-11T02:20:34.109Z', 'isTeacherRead': True, 'owner': {'_id': '5eb793428d00882fdaea411c', 'name': 'Hinson Lee', 'profileImageUrl': 'https://lh3.googleusercontent.com/a-/AOh14GhemzHYKBoS9R4xsNtpWyAHv_7E9RG9E_sRzJDwZA'}, 'usefulCount': 0, 'edited': False}, {'_id': '5e9b70f574efbc9bc039fd5e', 'status': 'PUBLISHED', 'postTime': '2020-04-18T21:29:21.500Z', 'isTeacherRead': True, 'owner': {'_id': '5e985eb7eaba8a050848a7dd', 'name': 'JC', 'profileImageUrl': 'https://graph.facebook.com/v3.2/1665069403824201/picture', 'username': 'jinchin331'}, 'usefulCount': 0, 'edited': True, 'rating': 5, 'title': '非常期待最后的结果', 'description': '刚购买课程，发现单单学完 [ I ] 的课程后，有非常明显的进步。\n打从小学开始，身边家人，朋友都说我唱歌像在念佛经，所以对于唱歌，我非常的不自信，再加上非常音痴，跑调是日常操作。虽然非常想一次过用几天时间上完全部课程，可是我最后还是决定，每上一堂课，训练几天-1个星期再继续开始新的一堂课。\n我希望就算念经，也能念出最好听的版本。', 'toTeacher': '老师，很不幸你拥有我这一名学生。因为我0基础，音痴，唱歌难听。希望我不会是那个害群之马，上完课还是唱得非常难听那种。', 'currentUserReported': False, 'usefulClicked': False}, {'_id': '5d4a73fc3714d90022dfc8cd', 'status': 'PUBLISHED', 'postTime': '2019-08-12T05:38:25.415Z', 'isTeacherRead': True, 'owner': {'_id': '5c9bdd80938233001f8d0057', 'profileImageUrl': 'https://lh6.googleusercontent.com/-SkzQ6GLD-dA/AAAAAAAAAAI/AAAAAAAAAM4/8z2idNW5nDk/photo.jpg', 'name': '面對現實這就是長大'}, 'usefulCount': 0, 'edited': True, 'rating': 5, 'title': '這歌教學真的很棒耶，非常純粹好學!!!', 'description': '以前練唱真的網路上太多不同資訊\n每個練練到最後反而不知道該怎麼唱才好了\n這個課程為我解惑了很多迷思跟導正了很多觀念\n\n以前唱歌壓力蠻大的\n每次都太想唱好，所以就唱不好了\n聲音總是卡卡的或是氣不足高音不穩定\n照著上面的練習改善很多\n也終於發現原因了 \n\n謝謝老師開這堂課!!!\n\n', 'toTeacher': '老師我有個疑問，唱歌時舌頭是輕貼著下排牙齒後方的(是要從頭到尾維持這個狀態嗎?)\n唱到捲舌音的時候也是嗎?(所以就要控制自己不捲舌?)', 'currentUserReported': False, 'usefulClicked': False}, {'_id': '635eac376a06c25476f74ba5', 'status': 'PUBLISHED', 'postTime': '2022-10-30T17:37:54.830Z', 'isTeacherRead': False, 'owner': {'_id': '635e3ade78b605c326010bb0', 'name': 'Howard Lin', 'profileImageUrl': 'https://lh3.googleusercontent.com/a/ALm5wu1SZn7nMleqv0wzo8bFoKEzYLPSy2fmWO3EAkpR=s96-c'}, 'usefulCount': 0, 'edited': True, 'rating': 5, 'title': '注重心法，但技巧面較少', 'description': '心法的教學內容很特別，強調不要讓自己的主觀認知去影響聲音，而是透過基本功+歌唱思維的改變，自然而然地發出聲音，這部分算是顛覆以前的認知，還滿有收穫的。\n但也期望看到一些基本技巧面的教學，像是節拍、音色、氣息控制、情感表達、抖音、轉音、強假音、混音...等等。', 'currentUserReported': False, 'usefulClicked': False}, {'_id': '5e10334720e2430782139a66', 'status': 'PUBLISHED', 'postTime': '2020-01-04T06:40:07.282Z', 'isTeacherRead': True, 'owner': {'_id': '58a736a15f188a070080167f', 'username': 'elvislee', 'name': 'Elvis Lee', 'profileImageUrl': 'https://images.api.hahow.in/images/5a7a2989b6ba47006f564fc0'}, 'usefulCount': 0, 'edited': False, 'rating': 5, 'title': '受益良多 感謝老師的教學', 'description': '從課程中學到原來可以透過訓練增加口腔靈活度，進而擴張音域的練習。\n以及唱歌時的心法，包括不刻意咬字，不給氣，克服恐懼...等等都很有幫助。\n特別是講到某些難發音的字該怎麼唱，著實令人豁然開朗。\n想唱好歌真需要很多的練習跟投入，感謝老師無私的傳授！', 'currentUserReported': False, 'usefulClicked': False}, {'_id': '5d6502ac82952e0021e9b1d2', 'status': 'PUBLISHED', 'postTime': '2019-08-27T10:15:08.511Z', 'isTeacherRead': True, 'owner': {'_id': '5bec46573b78f00020b35e3d', 'profileImageUrl': 'https://graph.facebook.com/v2.9/10157341915234453/picture', 'name': 'JENNYIN', 'username': 'jennyin1987'}, 'usefulCount': 0, 'edited': False, 'rating': 5, 'title': '幫助了唱歌上身心的放鬆', 'description': ""對於歌唱是工作的我，一直知道放鬆很重要的概念，know why但don't know how，透過上課中的心理建設跟基本功練習，終於對於唱歌是一件很安心也很放鬆的事情，有了更深的體悟，未來也會持續的做基本功練習，希望可以不斷的進步。"", 'toTeacher': '謝謝威宇老師開設線上課程，讓許多人有機會可以上到這麼棒的課：）', 'currentUserReported': False, 'usefulClicked': False}, {'_id': '5e8e21e23856b29e89659092', 'status': 'PUBLISHED', 'postTime': '2020-04-08T19:11:30.508Z', 'isTeacherRead': True, 'owner': {'_id': '5c5817cd79f1990022dfd4c1', 'name': 'samchen4321', 'username': 'samchen4321'}, 'usefulCount': 0, 'edited': False, 'rating': 5, 'title': '非一般的歌唱教學的課程', 'description': '心理素質的鍛鍊與發音肌肉群的放鬆都會影響唱歌的表現，比較科學的教學概念讓學生比較容易理解抽象的歌唱發聲練習，當然還是要靠自己每天不斷練習基本功，才能真的建立良好的發音技巧。比起鑽研歌唱技巧來說，收起得失心享受歌唱的樂趣比較重要。', 'currentUserReported': False, 'usefulClicked': False}, {'_id': '60dbe2a4638ed03f3a98d288', 'status': 'PUBLISHED', 'postTime': '2021-06-30T03:19:00.902Z', 'isTeacherRead': True, 'owner': {'_id': '5ce12dfc91a3ab00206333ba', 'profileImageUrl': 'https://graph.facebook.com/v3.2/2329344183838595/picture', 'name': 'Jason Hsu'}, 'usefulCount': 0, 'edited': False, 'rating': 5, 'title': '值得仔細回味的一門課', 'description': '某天唱KTV的時候\n原本難唱的歌變好唱了\n原本唱不上去的音，唱到了\n原本氣流不順的地方也都改善了\n\n原來我已經進步了\n「專注默念指令」就像是跟自己的潛意識溝通\n不斷練習就能更上一層樓。\n\n謝謝威宇老師的教導\n', 'currentUserReported': False, 'usefulClicked': False, 'response': {'content': '沒錯！！當你越不在乎音高甚至是聲音！就會越唱越自由了！', 'postTime': '2021-12-03T10:59:53.929Z', 'edited': False}}, {'_id': '5d4f76a0ae3de30020cc9fe5', 'status': 'PUBLISHED', 'postTime': '2019-08-11T02:00:00.652Z', 'isTeacherRead': True, 'owner': {'_id': '5cf7296769be5300201cf3a1', 'name': '胡峻華', 'username': 'a2220219'}, 'usefulCount': 0, 'edited': False, 'rating': 5, 'title': '誠心感謝老師的課程指導', 'description': '目前才上上到第一單元而已，但是老師給的內容以及課程裡的練習都是給我非常值得的東西，只要照著老師說的下去練習，而且練習的量出來之後，唱歌非常有感覺，完全改善了我之前不好的習慣，感謝老師，上完所有的課程在來分享～', 'currentUserReported': False, 'usefulClicked': False}, {'_id': '6338d827c7ae9a0007caff74', 'status': 'PUBLISHED', 'postTime': '2022-10-02T00:15:35.808Z', 'isTeacherRead': False, 'owner': {'_id': '5edbad648a94e43de322e3b8', 'username': 'victorhsu', 'name': 'victorhsu'}, 'usefulCount': 0, 'edited': False, 'rating': 5, 'title': '意外有效!!', 'description': '之前約好跟朋友去KTV，因為是疫情以來第一次去唱歌，怕唱不好所以約去唱歌的前一周買了課程惡補唱歌技巧，本來稍微高音就會走音的我竟然能跟女友合唱涼涼，高音直接拉上去不用用假音!\n\n強力推薦喔!', 'currentUserReported': False, 'usefulClicked': False}, {'_id': '5e15d5800cfbc90e8bb0bbce', 'status': 'PUBLISHED', 'postTime': '2020-01-08T13:13:36.961Z', 'isTeacherRead': True, 'owner': {'_id': '5d6141f6e90dec0021060774', 'profileImageUrl': 'https://lh3.googleusercontent.com/a-/AAuE7mA380pm3gWFkD8RtVpy7HcJfzk-HomVX1GL4lGipw', 'name': '宏'}, 'usefulCount': 0, 'edited': False, 'rating': 5, 'title': '很棒要多練習', 'description': '還沒加入Hahow上課嗎？\n快使用推薦連結 :\nhttps://hahow.in/ur/5d6141f6e90dec0021060774\n註冊即可獲得300元學習金折抵課程費用！一起來上課吧', 'toTeacher': '謝謝老師', 'currentUserReported': False, 'usefulClicked': False}, {'_id': '61f2e27923711e0006e0f833', 'status': 'PUBLISHED', 'postTime': '2022-01-27T18:20:41.805Z', 'isTeacherRead': False, 'owner': {'_id': '58808df16ecf3a0700b78a48', 'name': 'TwoTwo', 'username': 'twotwo'}, 'usefulCount': 0, 'edited': False, 'rating': 5, 'title': '很棒的課程', 'description': '原本我是講話會很費力，而且聲音很小聲的人\n練習的第一天，看了10個單位，逐步練習\n發現今天說話整個很輕鬆\n唱歌音高也提升不少\n很棒的課程\n會想要每天練下去！\n', 'currentUserReported': False, 'usefulClicked': False}, {'_id': '61179f33edf81f0006ab607b', 'status': 'PUBLISHED', 'postTime': '2021-08-14T10:47:15.477Z', 'isTeacherRead': True, 'owner': {'_id': '60e053a5179ac20006073893', 'username': 'pionnier', 'name': 'pionnier'}, 'usefulCount': 0, 'edited': False, 'rating': 5, 'title': '適合初學者的歌唱基礎練習', 'description': '本門課程會花10幾分鐘的時間教導歌唱的基礎練習，非常適合給不懂歌唱或是想學歌唱基礎的人練習，但是對於已經熟練歌唱的人或習慣快節奏教學的人並不推薦。', 'currentUserReported': False, 'usefulClicked': False, 'response': {'content': '我們給予練習對於專業歌手也是有許多幫助唷！透過基本功跟思維的重新建立，都能協助到不同程度的唱歌愛好者，再次謝謝推薦：）', 'postTime': '2021-12-03T10:57:36.052Z', 'edited': False}}, {'_id': '5d9bf7526f4b130023e98887', 'status': 'PUBLISHED', 'postTime': '2019-10-08T02:41:22.838Z', 'isTeacherRead': True, 'owner': {'_id': '5d7912d145639e00212c2bd5', 'name': 'colby11221122', 'username': 'colby11221122'}, 'usefulCount': 0, 'edited': False, 'rating': 5, 'title': '受益良多', 'description': '本身唱歌很爛,因為想經營youtube所以來上這堂課,還好沒有自行亂練一通不然一定會很挫折,找有經驗的老師學習省了很多冤枉路,謝謝老師,謝謝好學校', 'currentUserReported': False, 'usefulClicked': False}, {'_id': '6037530268ffc30a39353ca5', 'status': 'PUBLISHED', 'postTime': '2021-02-25T07:34:26.992Z', 'isTeacherRead': True, 'owner': {'_id': '5cd2c4c1411305002005fb8b', 'name': 'sophiaia', 'username': 'sophiaia', 'profileImageUrl': 'https://images.api.hahow.in/images/5cf0c5c1ea2d0500209cb07b'}, 'usefulCount': 0, 'edited': False, 'rating': 5, 'title': '謝謝威宇老師', 'description': '上過威宇老師的實體課，線上課程可以重複的複習，不怕忘記！真的很方便！\n課程內容豐富，而且非常有感，提升歌唱技巧真的有效！', 'toTeacher': '老師我愛你！我現在在規劃徵選音樂劇演員，雖然還不確定，但總是一個嘗試！謝謝你的課程！', 'currentUserReported': False, 'usefulClicked': False, 'response': {'content': '太好了!!繼續加油!!期待你的表現!!', 'postTime': '2021-12-03T11:01:44.524Z', 'edited': False}}, {'_id': '632aab53cdcb990007bdbf4e', 'status': 'PUBLISHED', 'postTime': '2022-09-21T06:12:35.289Z', 'isTeacherRead': False, 'owner': {'_id': '5f052b7942fd07c8f488ceb0', 'name': 'Paul Chen', 'profileImageUrl': 'https://images.api.hahow.in/images/61a4cff6b883ae0007452262', 'username': 'paulchen0211'}, 'usefulCount': 0, 'edited': False, 'rating': 5, 'title': '很棒的課程', 'description': '雖然重點不多，好像不夠豐富，但其實都是重中之重的關鍵要素，先看過一遍了，之後一步步的把基本功練起來吧！期待新的課程！', 'currentUserReported': False, 'usefulClicked': False}, {'_id': '60b2e4384e04ac516cd12d80', 'status': 'PUBLISHED', 'postTime': '2021-05-30T01:02:48.499Z', 'isTeacherRead': True, 'owner': {'_id': '5df8a5b560f8440021cb88fa', 'name': 'YU'}, 'usefulCount': 0, 'edited': False, 'rating': 5, 'title': '顛覆了以前的認知', 'description': '感謝老師！從來不知道原來自己唱歌的狀態是有問題的，目前慢慢依照老師的方式改變、練習新的思維，希望自己越來越進步', 'currentUserReported': False, 'usefulClicked': False, 'response': {'content': '您一定可以的！！！', 'postTime': '2021-12-03T11:00:05.222Z', 'edited': False}}, {'_id': '5eb4c7b46481f69552397ed2', 'status': 'PUBLISHED', 'postTime': '2020-05-08T02:45:08.846Z', 'isTeacherRead': True, 'owner': {'_id': '5bbe1d163617e7001e5631d2', 'name': 'bigblind', 'username': 'bigblind'}, 'usefulCount': 0, 'edited': False, 'rating': 5, 'title': '非常實用', 'description': '很實用的訓練模式，持之以恆的練習擁有好歌喉不是遙不可及的夢想，謝謝🙏老師精心的安排教材，期待有更多課程～', 'currentUserReported': False, 'usefulClicked': False}, {'_id': '62f17ecf0297fc00071772f6', 'status': 'PUBLISHED', 'postTime': '2022-08-09T04:12:20.243Z', 'isTeacherRead': False, 'owner': {'_id': '62df25eaa208520007e7c761', 'name': '米米李', 'profileImageUrl': 'https://lh3.googleusercontent.com/a/AItbvmll73L92UCn_GXuTn_YGJVrBOLkFtP-_WGGh5pT=s96-c', 'username': 'lee12289'}, 'usefulCount': 0, 'edited': True, 'rating': 5, 'title': '非常受用的唱歌教學', 'description': '很開心有這個機會跟老師一起學習，同時讓我在唱歌時不再需要用力過度，兼具心靈跟愛的課程，讓我一生受用', 'toTeacher': '老師，請讓大家有更多機會，開個團體課吧！', 'currentUserReported': False, 'usefulClicked': False}, {'_id': '62a1ec0f4b6fc8000608ff2c', 'status': 'PUBLISHED', 'postTime': '2022-06-09T12:48:15.646Z', 'isTeacherRead': False, 'owner': {'_id': '6273d1f2f91c780007f7df64', 'name': '林鋒庭', 'profileImageUrl': 'https://graph.facebook.com/v3.2/4656566761113776/picture'}, 'usefulCount': 0, 'edited': False, 'rating': 5, 'title': '感恩的心', 'description': '對我的歌唱發聲幫助相當巨大，尤其是感受舌尖的觸感，分散緊張的肌肉注意，謝謝這門課程，謝謝老師', 'toTeacher': '謝謝老師，我的藝名是木森，正在為自己的歌唱夢想而努力，謝謝你出現在我的學習路程上', 'currentUserReported': False, 'usefulClicked': False}, {'_id': '6039a99f5c3091504c4e40af', 'status': 'PUBLISHED', 'postTime': '2021-02-27T02:08:31.778Z', 'isTeacherRead': True, 'owner': {'_id': '6003aaab7a4bb54a2c421a3b', 'name': 'YorkG', 'username': 'yorkg'}, 'usefulCount': 0, 'edited': False, 'rating': 5, 'title': '一個月勝過過去的10年', 'description': '當你打從思維開始修正\n加上適當的練習\n聲音不再虛，假音變厚實\n\n這是一門值得你投資自己的課程', 'toTeacher': '想請教威宇老師\n未來公司營銷方式會走向自媒體\n\n想請問線下課程的教學\n收費大約落在哪呢\n\n然後中部地區通常會在哪裡呢', 'currentUserReported': False, 'usefulClicked': False, 'response': {'content': '謝謝您！很開心協助到您~\n我們最近在台中有要開講座唷！\n可以到Mr. Voice臉書看詳細資訊!', 'postTime': '2021-12-03T11:01:18.668Z', 'edited': False}}, {'_id': '5f70046297c614616de43410', 'status': 'PUBLISHED', 'postTime': '2020-09-27T03:17:54.337Z', 'isTeacherRead': True, 'owner': {'_id': '5e9d1b1dd12ce9596ba1d68f', 'name': 'Peter', 'profileImageUrl': 'https://graph.facebook.com/v3.2/340366080459398/picture', 'username': 'raymond981231'}, 'usefulCount': 0, 'edited': False, 'rating': 5, 'title': '謝謝上帝讓我存錢買到這門課程，希望可以學到唱好歌的方法，最重要的是可以飆高音~~', 'description': '謝謝上帝讓我存錢買到這門課程，希望可以學到唱好歌的方法，最重要的是可以飆高音~~', 'currentUserReported': False, 'usefulClicked': False}, {'_id': '5eb3ec9df9dbe34b88229de5', 'status': 'PUBLISHED', 'postTime': '2020-05-07T11:10:21.958Z', 'isTeacherRead': True, 'owner': {'_id': '5c1df002e9b8470021e90247', 'name': 'jesus20wei', 'username': 'jesus20wei'}, 'usefulCount': 0, 'edited': False, 'rating': 5, 'title': '非常物超所值、專業的課程', 'description': '能一步步跟課堂練習很棒，而且為男女都預備練習很有心，老師也很會鼓勵人！棒！', 'toTeacher': '繼續支持你～我是峻偉', 'currentUserReported': False, 'usefulClicked': False}, {'_id': '621045178ead4d000680c248', 'status': 'PUBLISHED', 'postTime': '2022-02-19T01:17:11.550Z', 'isTeacherRead': False, 'owner': {'_id': '5cf66aca69be5300201ccb60', 'profileImageUrl': 'https://graph.facebook.com/v3.2/10210389558695549/picture', 'name': 'Vicky', 'username': 'foreverjjlin'}, 'usefulCount': 0, 'edited': False, 'rating': 5, 'title': '歌聲改造', 'description': '初期練基本功因不熟悉會覺得辛苦，但練熟後會是內化實用又紮實的課程。', 'currentUserReported': False, 'usefulClicked': False}, {'_id': '5ee5a7a2d83c901749aae1ce', 'status': 'PUBLISHED', 'postTime': '2020-06-14T04:29:22.085Z', 'isTeacherRead': True, 'owner': {'_id': '5e85b2ba9e9db0002408f071', 'name': 'Kwunman Dennis Lam', 'profileImageUrl': 'https://graph.facebook.com/v3.2/10157401999431775/picture'}, 'usefulCount': 0, 'edited': False, 'rating': 5, 'title': '非常實用的課堂', 'description': '本來沒想過唱歌也能網上學，現在上了一半課，已感覺有明顯進步！', 'currentUserReported': False, 'usefulClicked': False, 'response': {'content': '太好了!!!!可以教作業唷!!讓我聽聽你的聲音:)', 'postTime': '2020-08-17T03:36:28.635Z', 'edited': False}}, {'_id': '5fd4fedca79fe67ee5b710ca', 'status': 'PUBLISHED', 'postTime': '2020-12-12T17:33:16.456Z', 'isTeacherRead': True, 'owner': {'_id': '5ab18022a356e3001e4871b0', 'profileImageUrl': 'https://lh3.googleusercontent.com/-XdUIqdMkCWA/AAAAAAAAAAI/AAAAAAAAAAA/4252rscbv5M/photo.jpg', 'name': '林亭君', 'username': 'dvdvideo'}, 'usefulCount': 0, 'edited': False, 'rating': 5, 'title': '實用的課程', 'description': '透過課程當中的方法練習，可以有效地讓唱歌更輕鬆，非常棒！', 'currentUserReported': False, 'usefulClicked': False, 'response': {'content': '^^ 很開心可以協助到您!!', 'postTime': '2021-12-03T11:01:55.041Z', 'edited': False}}, {'_id': '60fe1765b8494100062cf686', 'status': 'PUBLISHED', 'postTime': '2021-07-26T02:01:09.458Z', 'isTeacherRead': True, 'owner': {'_id': '60f1a66f6509d300060ac009', 'name': '黃瑞晴', 'profileImageUrl': 'https://profile.line-scdn.net/0hGRj4rlG9GH1XTQ6CKclnKmsIFhAgYx41Ly5VHXVNQE18ew95byoHTHEdRE55KFgoOShSHXRKE0wt'}, 'usefulCount': 0, 'edited': False, 'rating': 5, 'title': '歌聲大改造', 'description': '淺顯易懂，但是顛覆了我對唱歌技巧的看法，收穫很多，謝謝', 'toTeacher': '原來一切都是自然就好，開心就好，以為很難，原來萬事原理是一樣的，謝謝老師的教學', 'currentUserReported': False, 'usefulClicked': False}, {'_id': '62868f8d0cbafc0007e12153', 'status': 'PUBLISHED', 'postTime': '2022-05-19T18:42:21.403Z', 'isTeacherRead': False, 'owner': {'_id': '60003e360cf6c97e9b1e6de4', 'name': 'Yen', 'profileImageUrl': 'https://graph.facebook.com/v3.2/3647514672009057/picture'}, 'usefulCount': 0, 'edited': False, 'rating': 5, 'title': '謝謝', 'description': '跟原本想像中的不太一樣，滿強調心法的重要性。', 'currentUserReported': False, 'usefulClicked': False}, {'_id': '5eda49400a1082ddf0a5e4af', 'status': 'PUBLISHED', 'postTime': '2020-06-05T13:31:44.717Z', 'isTeacherRead': True, 'owner': {'_id': '5e9d9313735b012c16cb2441', 'name': 'Ann Chou', 'profileImageUrl': 'https://lh3.googleusercontent.com/a-/AOh14GgRSG-eSgJCmZfEcDtnAMOi1O7Pk4zy1wQqm9Mu4bM'}, 'usefulCount': 0, 'edited': False, 'rating': 5, 'title': '非常實用', 'description': '上完課程後受益良多，對自己聲音的掌握度更好了', 'currentUserReported': False, 'usefulClicked': False}, {'_id': '629cb0374fcbbb000775f694', 'status': 'PUBLISHED', 'postTime': '2022-06-05T13:31:35.256Z', 'isTeacherRead': False, 'owner': {'_id': '629aaa39db874200064aadac', 'name': '蕭小豪', 'profileImageUrl': 'https://profile.line-scdn.net/0hmTv2xgpEMntbSyXkrP5MBCsbMRF4OmtpJCh7HDpCah8zf3YudysvHWgeaB5kfX14IHh-T2sfbR9XWEUdRR3OT1x7bExieX0qfyx_mw', 'username': 'howhoward'}, 'usefulCount': 0, 'edited': False, 'rating': 5, 'title': '蠻特別的教法，主要以心法為主。', 'description': '發聲的方式可以明顯感受到喉嚨變輕鬆。', 'currentUserReported': False, 'usefulClicked': False}, {'_id': '603a9ba5528d936a03f0dae6', 'status': 'PUBLISHED', 'postTime': '2021-02-27T19:21:09.830Z', 'isTeacherRead': True, 'owner': {'_id': '5c591fc479f1990022dfef7e', 'profileImageUrl': 'https://graph.facebook.com/v2.9/2331329983543686/picture', 'name': '涂玟棋', 'username': 'artchessman'}, 'usefulCount': 0, 'edited': False, 'rating': 5, 'title': '很實用 謝謝老師', 'description': '很實用 謝謝老師 繼續基本功的練習', 'toTeacher': '持續地體會基本功', 'currentUserReported': False, 'usefulClicked': False, 'response': {'content': '不客氣！！很開心可以協助到您！！', 'postTime': '2021-12-03T11:00:18.338Z', 'edited': False}}, {'_id': '5f6881b883ddde4813f24fde', 'status': 'PUBLISHED', 'postTime': '2020-09-21T10:34:32.484Z', 'isTeacherRead': True, 'owner': {'_id': '57b5225dc7425c0700c67f13', 'profileImageUrl': 'https://graph.facebook.com/10209837151986835/picture', 'name': 'AL Chen', 'username': 'kingal171314'}, 'usefulCount': 0, 'edited': False, 'rating': 5, 'title': '實用', 'description': '我以為唱歌是天生的，原來可以練習。', 'currentUserReported': False, 'usefulClicked': False}, {'_id': '6458e68748f20fb420038f71', 'status': 'PUBLISHED', 'postTime': '2023-05-08T12:09:43.858Z', 'isTeacherRead': False, 'owner': {'_id': '616448aaf099bd0006fc33aa', 'username': 'okway163', 'name': 'okway163'}, 'usefulCount': 0, 'edited': False, 'rating': 5, 'title': '很實用的好課程。', 'description': '課程內容淺顯易懂，感覺收穫良多。', 'toTeacher': '感謝老師耐心、親切且逐步的帶領，您辛苦了。', 'currentUserReported': False, 'usefulClicked': False}, {'_id': '64ca1f669b376ae37c8ead5b', 'status': 'PUBLISHED', 'postTime': '2023-08-02T09:18:30.353Z', 'isTeacherRead': False, 'owner': {'_id': '60be07fd1a6044352a8693de', 'name': 'YAO 茜瑤', 'profileImageUrl': 'https://profile.line-scdn.net/0h0sKl3JDpb1x2FXkhIXYQC0pQYTEBO2kUDicmPwYVOD5cIH1ZTHd3OAcRNWpScSsLQnZyP1sSMmRT', 'username': 'lovedream'}, 'usefulCount': 0, 'edited': False, 'rating': 5, 'title': '老師示範辛苦了', 'description': '課堂上學到了些新的實用觀念', 'currentUserReported': False, 'usefulClicked': False}, {'_id': '62540e092644410006fa30c9', 'status': 'PUBLISHED', 'postTime': '2022-04-11T11:16:25.413Z', 'isTeacherRead': False, 'owner': {'_id': '5e67b93f1c96650023917352', 'username': 'ccd0928', 'name': 'ccd0928'}, 'usefulCount': 0, 'edited': False, 'rating': 5, 'title': '課程回饋', 'description': '老師耐心又專業，學到很多。', 'currentUserReported': False, 'usefulClicked': False}, {'_id': '61fb864d8b918d000626f8f0', 'status': 'PUBLISHED', 'postTime': '2022-02-03T07:37:49.120Z', 'isTeacherRead': False, 'owner': {'_id': '5fb1460ff6a309212401f59f', 'name': 'Remy'}, 'usefulCount': 0, 'edited': False, 'rating': 5, 'title': '不錯', 'description': '沒學過相關課程，挺有趣的。', 'currentUserReported': False, 'usefulClicked': False}, {'_id': '5da5eb2891db2600211a4fa5', 'status': 'PUBLISHED', 'postTime': '2019-10-15T15:52:08.792Z', 'isTeacherRead': True, 'owner': {'_id': '5da2088a421a860021dd1977', 'profileImageUrl': 'https://graph.facebook.com/v3.2/2479084288852486/picture', 'name': '林睿致'}, 'usefulCount': 0, 'edited': False, 'rating': 5, 'title': '上完課.自己唱歌比較好聽', 'description': '上完課.自己唱歌比較好聽', 'currentUserReported': False, 'usefulClicked': False}, {'_id': '6283b1168c7d9900066a370b', 'status': 'PUBLISHED', 'postTime': '2022-05-17T14:28:38.382Z', 'isTeacherRead': False, 'owner': {'_id': '627f12aa049b6b0006dc8067', 'name': 'I’m Groot', 'profileImageUrl': 'https://lh3.googleusercontent.com/a-/AOh14GieuBuyXH1q953syTCLJP_-FIdqaGGCS1X_853atg=s96-c'}, 'usefulCount': 0, 'edited': False, 'rating': 5, 'title': '內容精闢 ', 'description': '內容精闢 受益良多', 'currentUserReported': False, 'usefulClicked': False}, {'_id': '5f84618bcf34d64d5d575943', 'status': 'PUBLISHED', 'postTime': '2020-10-12T14:00:43.394Z', 'isTeacherRead': True, 'owner': {'_id': '5c6e1310e146ac0021f7fb5f', 'name': 'waskewuhaha', 'username': 'waskewuhaha'}, 'usefulCount': 0, 'edited': False, 'rating': 5, 'title': '很實用', 'description': '很棒的歌唱課程!', 'currentUserReported': False, 'usefulClicked': False}, {'_id': '5f19186ccad0d0c7ddedfcd5', 'status': 'PUBLISHED', 'postTime': '2020-07-23T04:56:12.677Z', 'isTeacherRead': True, 'owner': {'_id': '5cf6954c69be5300201cd828', 'name': 'huiling3628', 'username': 'huiling3628'}, 'usefulCount': 0, 'edited': False, 'rating': 5, 'title': '很棒的課程', 'description': '老師講解很清楚', 'currentUserReported': False, 'usefulClicked': False, 'response': {'content': '謝謝您的回饋!!!', 'postTime': '2020-08-17T03:36:12.664Z', 'edited': False}}, {'_id': '647853ffd7f530fd5d88f0e7', 'status': 'PUBLISHED', 'postTime': '2023-06-01T08:17:03.696Z', 'isTeacherRead': False, 'owner': {'_id': '632afcdb30c94e00068de39a', 'name': 'Yu-Ting Pan', 'profileImageUrl': 'https://graph.facebook.com/v3.2/10220356793859602/picture'}, 'usefulCount': 0, 'edited': False, 'rating': 5, 'title': '會慢慢進步的', 'description': '練習很重要～', 'currentUserReported': False, 'usefulClicked': False}, {'_id': '629ff93d560f3c00074f0121', 'status': 'PUBLISHED', 'postTime': '2022-06-08T01:19:57.771Z', 'isTeacherRead': False, 'owner': {'_id': '5f58dd69e1c8dd25eb2445dd', 'username': 'swingchu', 'name': 'swingchu'}, 'usefulCount': 0, 'edited': False, 'rating': 5, 'title': '謝謝老師', 'description': '內容非常實用', 'currentUserReported': False, 'usefulClicked': False}, {'_id': '5dee6c49be44100022b2f962', 'status': 'PUBLISHED', 'postTime': '2019-12-09T15:46:17.382Z', 'isTeacherRead': True, 'owner': {'_id': '5ceff070ea2d0500209c7b89', 'name': 'ttrr', 'username': 'ttrr'}, 'usefulCount': 0, 'edited': False, 'rating': 5, 'title': '很棒的課程', 'description': '很棒的課程', 'currentUserReported': False, 'usefulClicked': False}, {'_id': '5d81506945639e00212d957e', 'status': 'PUBLISHED', 'postTime': '2019-09-17T21:30:17.383Z', 'isTeacherRead': True, 'owner': {'_id': '5a6e5fd90d387a001ef83e26', 'username': 'castleofsky', 'name': 'castleofsky'}, 'usefulCount': 0, 'edited': False, 'rating': 5, 'title': '很棒的課程', 'description': '很棒的課程', 'currentUserReported': False, 'usefulClicked': False}, {'_id': '61f256a0e0b5d500071599b4', 'status': 'PUBLISHED', 'postTime': '2022-01-27T08:24:00.482Z', 'isTeacherRead': False, 'owner': {'_id': '61f017a83a01300007ff89de', 'name': 'NICO', 'profileImageUrl': 'https://profile.line-scdn.net/0h69D9-nscaRZ5QH6SeogWQUUFZ3sObm9eASV0eVpHPy9dditCRiUnIAgUZSBSdC8XQnIudAwTZy5V'}, 'usefulCount': 0, 'edited': False, 'rating': 5, 'title': '真的超級好', 'description': '受益良多', 'currentUserReported': False, 'usefulClicked': False}, {'_id': '5ee4f9c589dc7ef6c390bcfd', 'status': 'PUBLISHED', 'postTime': '2020-08-18T03:45:57.338Z', 'isTeacherRead': True, 'owner': {'_id': '5e2c4b6fe3832b002472fed5', 'username': 'poker1125566', 'name': 'poker1125566'}, 'usefulCount': 0, 'edited': True, 'rating': 5, 'title': '上完課覺得唱歌比以前看書學的好聽', 'description': '如題', 'currentUserReported': False, 'usefulClicked': False, 'response': {'content': '很開心可以協助到您!!', 'postTime': '2020-08-17T03:36:37.930Z', 'edited': False}}, {'_id': '5ead816d086ce3a9ee5fa065', 'status': 'PUBLISHED', 'postTime': '2020-05-02T14:19:25.901Z', 'isTeacherRead': True, 'owner': {'_id': '5745ce8dfad4ef0a006c0ccc', 'name': '阿樂', 'username': 'lucklessmoon'}, 'usefulCount': 0, 'edited': False, 'rating': 4, 'title': '完業啦～', 'description': '斷斷續續的學習總算是學玩了這個課程，老師的講解都很清楚！\n但比較可惜的是沒有講到音色的部分，希望以後有機會～', 'currentUserReported': False, 'usefulClicked': False}, {'_id': '60ed6a7ca4868200063fee22', 'status': 'PUBLISHED', 'postTime': '2021-07-13T10:27:08.550Z', 'isTeacherRead': True, 'owner': {'_id': '60dee3807d4cbd0006602f7b', 'username': 'spwilliam', 'name': 'spwilliam'}, 'usefulCount': 0, 'edited': False, 'rating': 3, 'title': '老師語速太慢，重複的概念講過多次', 'description': '明白老師希望不斷重複提醒同學幾個重要概念，但是整堂課程重複提到太多次，200分鐘的課程有一半以上都是重複的訊息。線上課程畢竟與實體課程不同，未來老師若要開設其他課程希望夠改進這點，簡短快速的表達練習重點即可。', 'currentUserReported': False, 'usefulClicked': False, 'response': {'content': '由於考慮到給予的觀念並非是一般觀念所以重複敘述，也期待透過語速的放慢讓同學們能感受到強調的目的。特別是在演唱音階時更需要強調指令的重要性，因為面對音域的不安全感，其實會滿大的。再次謝謝您的意見唷！', 'postTime': '2021-12-03T10:59:24.409Z', 'edited': False}}, {'_id': '6352840c5dc4c1802593c1b1', 'status': 'PUBLISHED', 'postTime': '2022-10-21T11:35:40.617Z', 'isTeacherRead': False, 'owner': {'_id': '57d539ebed63880700da1ee3', 'profileImageUrl': 'https://graph.facebook.com/1566291726730431/picture', 'name': '王小威', 'username': 'franz2531231'}, 'usefulCount': 0, 'edited': False, 'rating': 2, 'title': '效果不明顯', 'description': '如標題', 'currentUserReported': False, 'usefulClicked': False}]"
description,"📌本課程將於 2023/9/4 調整售價至 NT$2,680 ，請有購課需求的同學留意售價調整時間。 📌已經購課的同學，上課權益不受價格調整的影響，仍可持續重複觀看完整課程影片喔！ 如果你的夢想多次被打擊，從自己的老師、身邊的朋友都告訴你，不要做這個夢了，你會怎麼做選擇？我現在是一位歌唱老師，指導過將近百位的發片歌手，同時也是Mr.Voice陳威宇歌唱教學系統的創辦人，但我的歌唱夢也曾經差點被澆熄...... 愛唱歌的我，曾經被許多歌唱名師告知「你為什麼要唱歌，你沒有天分阿？｣。從高中開始學習歌唱，打工的錢都拿來付學費，一路學到大學畢業，但進步卻少之又少，抽象的方法讓我摸不著頭緒，沮喪之餘，我在2012年毅然決然離開台灣，前往北京進修，最後學成回到台灣。前陣子蘋果日報記者訪問我說：「陳威宇你為什麼要這麼堅持啊？這麼多專業人士建議你不要做這件事情，為什麼你還要這麼堅持？」我回答：「我沒有堅持啊！一棵樹長在路邊會遇到颱風、會遇到很久沒下雨，但你會問他說，你為什麼要長成一棵樹嗎？」我是一個愛唱歌的人，那就是我。我知道愛唱歌的心，我也懂很努力但卻充滿挫折的感受，這次讓我陪著你，因為我也曾經跟你走過一樣的路。 網路上有許多老師的示範，似乎總是講得頭頭是道，但跟著影片練，學員往往還是難以唱好，所以我真心地想要把我們的方法毫無保留的分享給大家，讓大家相信，真的！你只要跟著我們的影片學習就能夠讓唱歌有明顯的進步！ 不抽象的歌唱練習方法，無藏私的教學分享 不需要找抽象的共鳴、練找不到的丹田，科學化的練習讓您能有效率進步。 超有感的循序進步過程 每一堂課的規劃，都有其安排的順序意義，當卡關了，只需要抓住練習關鍵就能輕鬆突破！ 學員的學習效果有目共睹！具體有效的練習，讓沒有歌唱基礎的人都能夠有信心的學習。 聲音虛、沒有力度沒有關係，只要透過我們的練習，加上勤奮練功，就能夠讓你擁有紮實飽滿的歌聲唷！ 練習的進步效果，令人相當驚豔，李同學是韓國來台灣學習的學生，在課後聲音的厚度、穿透力、穩定度都有明顯的成長！ 金曲獎最佳新人歌手入圍-J.Shoen的學習BeforeAfter。顯而易見的進步，讓許多歌手上完課後，爭相推薦許多音樂人朋友學習。 確實知道自己什麼地方該加強，不再瞎子摸象 知道自己進步到哪邊，卡在什麼樣的狀況，我們會協助同學建立這些在歌唱學習上必須要有的自我意識。 同時透過影片也能建立自主訓練的能力 歌唱練習重點在於了解自己在練什麼，為什麼要練這個練習，練習上應該專注在什麼地方，如同運動員的教練，反覆強調練習上需要專注之處，養成習慣後，自主練習效果更能事半功倍！ 即使是專業歌手覺得自己已經封頂，我們的方法可以讓您突破錯認的極限！ 許多人被老師告知自己的音域就是這樣，或者自己就是唱不廣，只能唱某一類型的歌，但其實透過有效率的練習，同學會發現音域、音色豐富度、聲音自由度也是歌唱技巧本質的一個部分，透過練習，真的可以讓大家發現， 你比你自己想像的更有潛力！更會唱歌！ 為什麼唱歌唱了這麼久，進步還是這麼的少？唱起來還是不自由？我們的方法不用練氣息、不用練丹田、不用找共鳴、不練聲帶閉合，還是可以讓唱歌大幅進步而且效率遠超過市面上所有教學方法？破除歌唱的迷思，以合乎物理聲學理論、認知行為心理學的基礎，帶領學員們進入歌唱學習的大門。 由Mr.Voice發聲練習，改善發聲協調性，讓喉嚨在發聲時的時候更舒服輕鬆，許多學員在本階段課程中，就能感受到聲音的變化，音量變大、聲音美化是這堂課常有的立竿見影效果。 單元一：歌唱的原理解析 單元二：為什麼學唱歌這麼難?學習歌唱困難生成的原因 單元三：如何訓練歌唱才會真的有實際進度及突破？ 單元四：輕鬆發聲很簡單-發聲效率優化！ 單元五：協調的發聲基礎與練習：解構發聲時聲帶與共鳴腔體的關係 單元六：音域拓展的原理實作：拓展音域的基本功練習：抵伸捲舌。 了解我們的想法對發聲的影響，原來音量不大、氣不夠用、音高上不去低不下去，是因為懂了太多不正確的歌唱「知識」。透過歌唱思維訓練，邁入發聲自由的第一步，透過練習聲音變的穩定、氣原來也可以超夠用、音域拓寬不再是難事！ 單元七：聲音穩定度大提升！歌唱思維理論 單元八：長音練習，讓你的氣很夠用！唱好歌原來要從想法開始改變！ 真假音轉換、高音的訓練都是本階段的重點訓練，面對不同的音高，我們常會有不同的心態或者想幫助聲音的動機，但因為每個人對於聲音的認知、感受都不同，導致發出來的聲音往往不符合期待，產生緊繃、唱不上去的問題，但只要透過歌唱思維的練習，就能讓中高音也能輕鬆穩定發出。唱歌因為有歌詞的關係，造成口腔氣流會有不穩定的狀況，但為什麼講話的時候，不會有任何的字詞會阻礙我們的發聲？但是唱起歌來，總是有一些字特別難唱，特別的緊？每次唱到那些字甚至還會破音？讓威宇老師從發聲結構到氣流解構咬字跟唱歌的關係，並且帶給大家輕鬆易學的突破方法！讓您唱歌不再卡卡！ 單元九：長音練習在歌曲上運用 單元十：唱歌的時候為什麼有些字很難唱？原因以及突破方法 單元十一：中高音輕鬆演唱的訣竅！ 單元十二：真假音轉換理論與突破入門 單元十三：高音及音域拓寬穩定度訓練 作業繳交與回覆 每周老師會批改作業一次，並於週五晚上做作業批改後的回應。影片檔案請同學上傳至雲端或是youtube，再將連結附上作業區提供給老師觀看。 線上同學的問題，老師會在每周二及周日晚上做定期的回覆。 募資解鎖規則說明 募資達成率累計至「課程募資30天結束的那一刻」！ 解鎖內容將於正式課程影片，開課後的一個月內開始提供。 募資結束前購買此堂課程，並且於購買時填妥「Email」即符合參加抽獎、贈送折價券資格（Email填寫截止日為2019/06/0623:59前）。 「 贈書活動」、「親自指導錄音室演唱作品」將於開課後一週後抽出中獎同學 ，實際中獎人數會依照最終募資達標百分比解鎖對應活動的內容。 活動中獎名單將會公布在Hahow課程公佈欄上，同時以Email通知中獎同學，請中獎同學於3天內回覆確認中獎通知，如未確認視同放棄獲獎資格。 註：以上抽獎名額不累贈，抽到書的學生就不會抽到親自指導唷！但實體課程折價券是累贈的，有填單的每個人都會有，若募資活動全部解鎖，我們將送出100與200元的實體課程折價券各一張。 募資達200％ ▶ 加碼送一百元實體課程折價券每一位 募資達200%老師將送每位有填寫Email的學生「一百元的實體課折價卷」。此折價券僅能使用在Mr.Voice歌唱正式課程（不包含體驗課及講座） 募資達400％ ▶ 加錄《麥克風演唱使用密技影片》 唱歌的時候麥克風該怎麼使用？你有想過若是麥克風對著嘴巴的位置不一樣，就會有不一樣的音色嗎？原來會使用麥克風也能修飾音色！我們將加錄這些技巧與內容，提供給愛唱歌的你們。 募資達600％ ▶ 抽出《唱出好聲音：顛覆你的思維，讓歌聲自由》5位 募資達此階段，我們將抽出5位學員，免費獲得威宇老師著作《唱出好聲音：顛覆你的思維，讓歌聲自由》，書本封面可詳見作品集段落的書本示意圖。 募資達800％ ▶ 加錄《如何在KTV唱出好聽的聲音，驚豔全場！》 募資達此階段，我們將加錄此單元，算是麥克風使用進階內容，若不知道怎麼在KTV唱得好？人聲跟音量的平衡，手持麥克風的使用跟你的音色原來大有關係！我們直接教你如何在KTV震攝全場，成為KTV歌王歌后！ 募資達1000％活動一 ▶ 加碼送二百元實體課程折價券每一位 募資達1000％將會有兩個活動同步解鎖，我們將加碼送二百元實體課程折價券給每位有填寫Email的學生，此活動與100％的一百元實體課折價卷是可以累加的，所以達到此階段，我們將送出總共三百元的實體課程折價券給每一個人。此折價券僅能使用在Mr.Voice歌唱正式課程（不包含體驗課及講座） 募資達1000％活動二▶抽出《對著電腦也能唱出好聲音，直播網紅必修》線上學員3位 募資達1000％的第二個活動，我們將抽出3位幸運的學員進入專業錄音室，威宇老師會親自指導，讓你在錄音室演唱作品！ 請問購買後，要在哪裡填抽獎「Email」呢？ 按下「馬上預購」後，將導向「付款資訊」頁面，最下方即是「Email」填答欄位，請參考下方附圖。點選「我要參加本課程贈獎/抽獎活動」並填寫有效「Email」，則確認參加。 如何確認自己有沒有付款成功呢？ 完成購課流程後，請點選「網頁右上方的大頭貼」進入「訂單記錄」頁面，於「訂單狀況」的欄位顯示「完成付款」的訂單即代表付款成功。 我們是一群愛唱歌，而且愛分享的歌唱老師，每每看到學生因為我們的陪伴帶領在歌唱上有許多的進步，我們就會覺得很開心！歌唱是一件能幫助我們有自信而且學會真心喜愛自己的事情，協助我們能認識到自己的獨一無二是如此美麗。2013年起威宇老師由創立，協助了眾多愛唱歌的朋友、演藝專業人士，找到自己自由的歌聲。 官方粉絲頁： Mr.Voice陳威宇歌唱教學系統 台大流行音樂營歌唱講座 歌唱課程實際觀察威宇老師示範口咽腔狀態變化 歌手歌唱指導及演員聲音訓練 李友廷（聲林之王冠軍）、頑童E-SO（金曲獎最佳演唱組合得主）、Crispy脆樂團（金曲獎最佳演唱組合入圍）、魔幻力量-鼓鼓、宇宙人主唱小玉（金曲獎最佳樂團入圍）、許哲珮（金曲獎最佳女演唱人入圍）、張鈞甯、林依晨、熊仔（金曲獎最佳新人入圍）、呂士軒（金音獎最佳嘻哈單曲獎、專輯獎得主）、劉芷融（還願-碼頭姑娘錄音室歌唱指導配唱製作）、陳芳語Kimberly（歌曲：再愛我一天錄音室歌唱指導） 李嘉格（中國新歌聲那英組四強、發片歌手）、官靈芝（金曲獎客語最佳演唱人得主、中國新歌聲選手）、舞思愛（超級星光大道第三名、中國好聲音選手）、陳蘿莉《明日之子》、王加一、J.Sheon（金曲獎最佳新人入圍、《這就是對唱》）、黃瑋昕《這就是對唱》、歐陽娜娜、王笠人（福茂） 陳惠婷、安那、許仁杰（超級星光大道）、VOX玩聲樂團純人聲演唱團體（奧地利現代合唱世界大賽金牌、金曲獎最佳演唱組合入圍）、黃河（台北電影節影帝）、張書豪、詹懷雲、張再興、魏漢鼎、石康均、問樂團蔡子萱、問樂團CameronGolinsky、尋人啟事人聲重唱樂團（世界阿卡貝拉現代合唱大賽青年組金牌）、滴妹、小美Patricia、黃仲崑、阿Ken、莫宰羊、屁孩（中國新說唱）、陽詠存、于浩威、吳心緹、黃俊融（新加坡）、Bell宇田（馬來西亞）、黃玠瑋、黃建為、Echo李昶俊、方語昕、陳語安、傅子純、林昕陽、吳杭捷（WKC世界卡拉經典賽第五名）、孫克傑、四個朋友（鄭宇伶）、異鄉人、簡拉娜等 多次受邀國內、國際講座擔任講師 新加坡國際書展-國家圖書館主題講師、日本大阪《唱出好聲音》講座分享 北京鼎泰豐邀請-聲音服務美學指導、北京大學EMBA「雁行中國」計畫演講-從聲音找到自信、廣西電視台小主播圓夢計畫xTVBS小小主播營聲音表達指導 連三年擔任台灣大學流行音樂營隊講師，同期講師：蔡健雅、黃韻玲、FIR阿沁、吳克群等 連續九年擔任全台灣流音之星高中職歌唱暨創作大賽評審總召與：王治平、呂禎晃、黃韻玲、陳建良等業界名製作人擔任評審，並與A-Lin一同擔任與會來賓。 《唱出好聲音：顛覆你的思維，讓歌聲自由》城邦原水出版 《專業歌唱訓練教材－歌唱發聲肌群基礎訓練》聲音人文創事業有限公司發行、《專業歌唱訓練教材－歌唱思維訓練》聲音人文創事業有限公司發行 《專業歌唱訓練教材－歌唱思維中階訓練》聲音人文創事業有限公司發行、《專業歌唱訓練教材－進階歌唱思維訓練》聲音人文創事業有限公司發行"
requiredTools,"你需要一個房間，課程從第六堂開始，建議房間要隔音好一點
不然就會需要友善的室友或鄰居
筆記本一本、筆一支、小鏡子一面（可以看到臉的大小即可）"
recommendedBackground,"Mr. Voice 的 Slogan 是 Anyone can sing
你只需要有一顆愛唱歌的心，持之以恆的毅力"
willLearn,"Mr. Voice 獨有的發聲基本功全部給你！
歌唱思維入門訓練，達到：發聲變輕鬆、聲音張力音量增強、聲音穩定度提升、長音氣息足夠的效果"
targetGroup,"所有愛唱歌，也想進步的朋友
害羞怕上實體歌唱課，但還是想在歌唱上進步的朋友
學過唱歌，但總覺得遇到的老師只是人很好、嘴很砲，但唱歌進步卻有限的朋友"
viewCount,32452.0
isTop10Percent,False
contentRating.brief,LEVEL_0
contentRating.content,LEVEL_0
owner.username,icansing
owner.name,威宇老師
owner.metaDescription,我是威宇老師！指導過許多發片歌手，唱歌跟教唱歌是我最愛的兩件事情！幫助學生讓學唱歌很抽象這件事情變得簡單具體，讓上台開口這件緊張的事情變得安心是我的成就所在，我們一起唱出好聲音吧！
owner.description,"<p><a href=""https://www.facebook.com/mrvoicemrvoice/"" target=""_blank"">Mr. Voice陳威宇歌唱教學系統</a>創辦人 </p><p>Sony音樂、相信音樂、福茂唱片、環球唱片、我是娛樂、寰亞唱片、香港TVB、等唱片娛樂公司、娛樂經紀公司藝人歌唱指導、唱片配唱製作人</p><p>多位知名製作人指定歌唱指導老師：王治平、JerryC(小幸運作曲編曲)、張簡君偉(S.H.E)、游政豪(A-Lin御用創作、製作人)、陳建騏（金曲獎得獎製作人）等</p><p>出版<a href=""https://www.books.com.tw/products/0010776984?gclid=CjwKCAiAwojkBRBbEiwAeRcJZJ2NT4CmeFiipoqirYLRQo2Qa0SWxg84KbMIek4zDZ39_39Oblk3SxoCw3UQAvD_BwE"" target=""_blank"">《唱出好聲音：顛覆你的思維，讓歌聲自由》</a>一書</p><p><br />專業歌手、演員聲音指導／企業聲音服務美學／音樂劇歌唱指導／唱片配唱製作人</p><p><b>多次受邀國內、國際講座擔任講師</b></p><p>新加坡國際書展-國家圖書館主題講師、日本大阪《唱出好聲音》講座分享</p><p>北京鼎泰豐邀請-聲音服務美學指導、北京大學EMBA「雁行中國」計畫演講-從聲音找到自信、廣西電視台小主播圓夢計畫xTVBS小小主播營聲音表達指導</p><p>連三年擔任台灣大學流行音樂營隊講師，同期講師：蔡健雅、黃韻玲、FIR阿沁、吳克群等</p><p>連續九年擔任全台灣流音之星高中職歌唱暨創作大賽評審總召與：王治平、呂禎晃、黃韻玲、陳建良等業界名製作人擔任評審，並與A-Lin一同擔任與會來賓。</p><p>與周杰倫演唱會舞蹈總監宋婷瑞(Erica<br />Song)合作Act it out(歌唱與舞蹈肢體表演)課程</p><p><b>歌手及演藝人員歌唱及聲音訓練</b></p><p>宇宙人主唱小玉(金曲獎最佳樂團入圍)、許哲珮(金曲獎最佳女演唱人入圍)、頑童 E-SO(金曲獎最佳演唱組合得主)、Crispy脆樂團(金曲獎最佳演唱組合入圍)、魔幻力量 - 鼓鼓、張鈞甯、林依晨、熊仔(金曲獎最佳新人入圍)、呂士軒(金音獎最佳嘻哈單曲獎、專輯獎得主)</p><p>李嘉格(中國新歌聲那英組四強、發片歌手)、官靈芝(金曲獎客語最佳演唱人得主、中國新歌聲選手)、舞思愛(超級星光大道第三名、中國好聲音選手)、陳蘿莉（《明日之子》）、王加一、J. Sheon(金曲獎最佳新人入圍、《這就是對唱》) 、黃瑋昕《這就是對唱》、王笠人(福茂) 、陳芳語Kimberly(歌曲：再愛我一天錄音室歌唱指導)、歐陽娜娜、李友廷（聲林之王）</p><p>陳惠婷、安那、許仁杰（超級星光大道）、VOX玩聲樂團純人聲演唱團體（奧地利現代合唱世界大賽金牌、金曲獎最佳演唱組合入圍)）、黃河（台北電影節影帝）、張書豪、詹懷雲、張再興、魏漢鼎、石康均、問樂團蔡子萱、問樂團Cameron Golinsky、尋人啟事人聲重唱樂團(世界阿卡貝拉現代合唱大賽青年組金牌)、滴妹、小美Patricia、黃仲崑、、阿Ken、莫宰羊、屁孩(中國新說唱)、陽詠存、于浩威、吳心緹、黃俊融(新加坡)、Bell宇田(馬來西亞)、黃玠瑋、黃建為、Echo李昶俊、方語昕、陳語安、傅子純、林昕陽、吳杭捷(WKC世界卡拉經典賽第五名)、孫克傑、四個朋友(鄭宇伶)、異鄉人、簡拉娜等</p><p><br /><br /><br /><br /><br /><br /></p>"
owner.skills,歌唱、歌唱教學
owner.interests,電影、美食、旅行
owner.links.facebook,https://www.facebook.com/mrvoicemrvoice/
owner.links.website,https://www.instagram.com/mrvoice.tw/
owner.links.instagram,
owner.links.behance,
owner.links.googlePlus,
owner.links.pinterest,
owner.links.facebookPixel,
owner.links.youtube,https://www.youtube.com/channel/UCIURezjAGOtBSo265K_ThNA
owner.publishedProductStatistics.courseCount,2.0
owner.publishedProductStatistics.articleCount,0.0
owner.publishedProductStatistics.studentCount,2939.0
group.title,音樂
group.subGroup.title,人聲
draftRevisionUpdateTime,2023-06-14T07:04:21.202Z
revisionReleaseTime,2023-06-14T07:04:43.774Z
latestCourseStartTime,2019-08-05T16:00:00.000Z
incubationSchedule.owner,
incubationSchedule.preferredTime,
skipIncubating,False
migratedToWistia,True
wistiaStatus,UPDATED
videoBackupStatus,NOT_MIGRATED
estimatedCourseStartIntervalInDays,90.0
estimatedCourseVideoLengthInMins,180.0
owner_description,Mr.Voice陳威宇歌唱教學系統 創辦人 Sony音樂、相信音樂、福茂唱片、環球唱片、我是娛樂、寰亞唱片、香港TVB、等唱片娛樂公司、娛樂經紀公司藝人歌唱指導、唱片配唱製作人 多位知名製作人指定歌唱指導老師：王治平、JerryC(小幸運作曲編曲)、張簡君偉(S.H.E)、游政豪(A-Lin御用創作、製作人)、陳建騏（金曲獎得獎製作人）等 出版 《唱出好聲音：顛覆你的思維，讓歌聲自由》 一書 專業歌手、演員聲音指導／企業聲音服務美學／音樂劇歌唱指導／唱片配唱製作人 多次受邀國內、國際講座擔任講師 新加坡國際書展-國家圖書館主題講師、日本大阪《唱出好聲音》講座分享 北京鼎泰豐邀請-聲音服務美學指導、北京大學EMBA「雁行中國」計畫演講-從聲音找到自信、廣西電視台小主播圓夢計畫xTVBS小小主播營聲音表達指導 連三年擔任台灣大學流行音樂營隊講師，同期講師：蔡健雅、黃韻玲、FIR阿沁、吳克群等 連續九年擔任全台灣流音之星高中職歌唱暨創作大賽評審總召與：王治平、呂禎晃、黃韻玲、陳建良等業界名製作人擔任評審，並與A-Lin一同擔任與會來賓。 與周杰倫演唱會舞蹈總監宋婷瑞(Erica Song)合作Actitout(歌唱與舞蹈肢體表演)課程 歌手及演藝人員歌唱及聲音訓練 宇宙人主唱小玉(金曲獎最佳樂團入圍)、許哲珮(金曲獎最佳女演唱人入圍)、頑童E-SO(金曲獎最佳演唱組合得主)、Crispy脆樂團(金曲獎最佳演唱組合入圍)、魔幻力量-鼓鼓、張鈞甯、林依晨、熊仔(金曲獎最佳新人入圍)、呂士軒(金音獎最佳嘻哈單曲獎、專輯獎得主) 李嘉格(中國新歌聲那英組四強、發片歌手)、官靈芝(金曲獎客語最佳演唱人得主、中國新歌聲選手)、舞思愛(超級星光大道第三名、中國好聲音選手)、陳蘿莉（《明日之子》）、王加一、J.Sheon(金曲獎最佳新人入圍、《這就是對唱》)、黃瑋昕《這就是對唱》、王笠人(福茂)、陳芳語Kimberly(歌曲：再愛我一天錄音室歌唱指導)、歐陽娜娜、李友廷（聲林之王） 陳惠婷、安那、許仁杰（超級星光大道）、VOX玩聲樂團純人聲演唱團體（奧地利現代合唱世界大賽金牌、金曲獎最佳演唱組合入圍)）、黃河（台北電影節影帝）、張書豪、詹懷雲、張再興、魏漢鼎、石康均、問樂團蔡子萱、問樂團CameronGolinsky、尋人啟事人聲重唱樂團(世界阿卡貝拉現代合唱大賽青年組金牌)、滴妹、小美Patricia、黃仲崑、、阿Ken、莫宰羊、屁孩(中國新說唱)、陽詠存、于浩威、吳心緹、黃俊融(新加坡)、Bell宇田(馬來西亞)、黃玠瑋、黃建為、Echo李昶俊、方語昕、陳語安、傅子純、林昕陽、吳杭捷(WKC世界卡拉經典賽第五名)、孫克傑、四個朋友(鄭宇伶)、異鄉人、簡拉娜等
all_comment,"['穩定的聲音來自穩定的心 看各式影片自學了一段時間\n一直抓不到最重要最基本可以穩定聲音的秘密\n原來就在這裡\n\n這是CP值很高的一門課程\n相信自己\n照老師說的練習\n不要急 不要慌  用安穩開放的心持續下去\n一段時間會有效果出來', '心得 唱歌教學裡面每個老師都有一套自己的方法，老師這一套強調的是放鬆。\n簡單來說就是因為你的意志笨蛋所以不要來亂 只要出聲交給你身體就好。\n是蠻有趣的概念也有自己口部操的練習，整體來說滿推薦的。', '课程非常细致有帮助 对于声音连接以及力量 实际演唱非常有作用 威宇老师讲解非常细致 简洁有力的课程设计 内容以人作为出发点 个人练习过很多体系的内容 练声如果不以表达为目的 实际上练声再好也离实际演唱有相当大的距离 很多的教学都忽略了以人的发声动机以及情绪驱动作为出发点 而这套课程对于实际演唱 调整发声习惯 音域扩展 以及力量提升 都会有明显的效果 实际加强了口咽腔肌肉 声带 气流的整体配合以及发声的协调性 歌唱思维的练习 也是告诉了练习的人在发声过程中实际需要的专注的想法 方法步骤明确 对唱歌这件事有追求的朋友 或者刻苦练习遇到瓶颈的同学 选择这套课程一定会对你有意想不到的提升哦', '此課程適合所有喜歡唱歌的人!!!!! 從一開始到最後的教學都讓我驚豔，\n沒想到原來唱歌前需要做那麼多的前置準備，以及更多時間的練習基礎、技巧，還有給自己更多的時間去感受自己的變化。\n謝謝老師開了新的一扇窗，讓我也更注意自己的嘴巴、舌頭、喉嚨等部位，想要讓他們更能放鬆的應用不同技巧!\n老師也會陪著學生一起練習(我想拍攝影片時候感覺很尷尬?哈哈哈)但我真的覺得老師就在前面一對一的練習QQ\n感受到老師用心的準備課程，謝謝您Q0Q)', '非常期待最后的结果 刚购买课程，发现单单学完 [ I ] 的课程后，有非常明显的进步。\n打从小学开始，身边家人，朋友都说我唱歌像在念佛经，所以对于唱歌，我非常的不自信，再加上非常音痴，跑调是日常操作。虽然非常想一次过用几天时间上完全部课程，可是我最后还是决定，每上一堂课，训练几天-1个星期再继续开始新的一堂课。\n我希望就算念经，也能念出最好听的版本。', '這歌教學真的很棒耶，非常純粹好學!!! 以前練唱真的網路上太多不同資訊\n每個練練到最後反而不知道該怎麼唱才好了\n這個課程為我解惑了很多迷思跟導正了很多觀念\n\n以前唱歌壓力蠻大的\n每次都太想唱好，所以就唱不好了\n聲音總是卡卡的或是氣不足高音不穩定\n照著上面的練習改善很多\n也終於發現原因了 \n\n謝謝老師開這堂課!!!\n\n', '注重心法，但技巧面較少 心法的教學內容很特別，強調不要讓自己的主觀認知去影響聲音，而是透過基本功+歌唱思維的改變，自然而然地發出聲音，這部分算是顛覆以前的認知，還滿有收穫的。\n但也期望看到一些基本技巧面的教學，像是節拍、音色、氣息控制、情感表達、抖音、轉音、強假音、混音...等等。', '受益良多 感謝老師的教學 從課程中學到原來可以透過訓練增加口腔靈活度，進而擴張音域的練習。\n以及唱歌時的心法，包括不刻意咬字，不給氣，克服恐懼...等等都很有幫助。\n特別是講到某些難發音的字該怎麼唱，著實令人豁然開朗。\n想唱好歌真需要很多的練習跟投入，感謝老師無私的傳授！', ""幫助了唱歌上身心的放鬆 對於歌唱是工作的我，一直知道放鬆很重要的概念，know why但don't know how，透過上課中的心理建設跟基本功練習，終於對於唱歌是一件很安心也很放鬆的事情，有了更深的體悟，未來也會持續的做基本功練習，希望可以不斷的進步。"", '非一般的歌唱教學的課程 心理素質的鍛鍊與發音肌肉群的放鬆都會影響唱歌的表現，比較科學的教學概念讓學生比較容易理解抽象的歌唱發聲練習，當然還是要靠自己每天不斷練習基本功，才能真的建立良好的發音技巧。比起鑽研歌唱技巧來說，收起得失心享受歌唱的樂趣比較重要。', '值得仔細回味的一門課 某天唱KTV的時候\n原本難唱的歌變好唱了\n原本唱不上去的音，唱到了\n原本氣流不順的地方也都改善了\n\n原來我已經進步了\n「專注默念指令」就像是跟自己的潛意識溝通\n不斷練習就能更上一層樓。\n\n謝謝威宇老師的教導\n', '誠心感謝老師的課程指導 目前才上上到第一單元而已，但是老師給的內容以及課程裡的練習都是給我非常值得的東西，只要照著老師說的下去練習，而且練習的量出來之後，唱歌非常有感覺，完全改善了我之前不好的習慣，感謝老師，上完所有的課程在來分享～', '意外有效!! 之前約好跟朋友去KTV，因為是疫情以來第一次去唱歌，怕唱不好所以約去唱歌的前一周買了課程惡補唱歌技巧，本來稍微高音就會走音的我竟然能跟女友合唱涼涼，高音直接拉上去不用用假音!\n\n強力推薦喔!', '很棒要多練習 還沒加入Hahow上課嗎？\n快使用推薦連結 :\nhttps://hahow.in/ur/5d6141f6e90dec0021060774\n註冊即可獲得300元學習金折抵課程費用！一起來上課吧', '很棒的課程 原本我是講話會很費力，而且聲音很小聲的人\n練習的第一天，看了10個單位，逐步練習\n發現今天說話整個很輕鬆\n唱歌音高也提升不少\n很棒的課程\n會想要每天練下去！\n', '適合初學者的歌唱基礎練習 本門課程會花10幾分鐘的時間教導歌唱的基礎練習，非常適合給不懂歌唱或是想學歌唱基礎的人練習，但是對於已經熟練歌唱的人或習慣快節奏教學的人並不推薦。', '受益良多 本身唱歌很爛,因為想經營youtube所以來上這堂課,還好沒有自行亂練一通不然一定會很挫折,找有經驗的老師學習省了很多冤枉路,謝謝老師,謝謝好學校', '謝謝威宇老師 上過威宇老師的實體課，線上課程可以重複的複習，不怕忘記！真的很方便！\n課程內容豐富，而且非常有感，提升歌唱技巧真的有效！', '很棒的課程 雖然重點不多，好像不夠豐富，但其實都是重中之重的關鍵要素，先看過一遍了，之後一步步的把基本功練起來吧！期待新的課程！', '顛覆了以前的認知 感謝老師！從來不知道原來自己唱歌的狀態是有問題的，目前慢慢依照老師的方式改變、練習新的思維，希望自己越來越進步', '非常實用 很實用的訓練模式，持之以恆的練習擁有好歌喉不是遙不可及的夢想，謝謝🙏老師精心的安排教材，期待有更多課程～', '非常受用的唱歌教學 很開心有這個機會跟老師一起學習，同時讓我在唱歌時不再需要用力過度，兼具心靈跟愛的課程，讓我一生受用', '感恩的心 對我的歌唱發聲幫助相當巨大，尤其是感受舌尖的觸感，分散緊張的肌肉注意，謝謝這門課程，謝謝老師', '一個月勝過過去的10年 當你打從思維開始修正\n加上適當的練習\n聲音不再虛，假音變厚實\n\n這是一門值得你投資自己的課程', '謝謝上帝讓我存錢買到這門課程，希望可以學到唱好歌的方法，最重要的是可以飆高音~~ 謝謝上帝讓我存錢買到這門課程，希望可以學到唱好歌的方法，最重要的是可以飆高音~~', '非常物超所值、專業的課程 能一步步跟課堂練習很棒，而且為男女都預備練習很有心，老師也很會鼓勵人！棒！', '歌聲改造 初期練基本功因不熟悉會覺得辛苦，但練熟後會是內化實用又紮實的課程。', '非常實用的課堂 本來沒想過唱歌也能網上學，現在上了一半課，已感覺有明顯進步！', '實用的課程 透過課程當中的方法練習，可以有效地讓唱歌更輕鬆，非常棒！', '歌聲大改造 淺顯易懂，但是顛覆了我對唱歌技巧的看法，收穫很多，謝謝', '謝謝 跟原本想像中的不太一樣，滿強調心法的重要性。', '非常實用 上完課程後受益良多，對自己聲音的掌握度更好了', '蠻特別的教法，主要以心法為主。 發聲的方式可以明顯感受到喉嚨變輕鬆。', '很實用 謝謝老師 很實用 謝謝老師 繼續基本功的練習', '實用 我以為唱歌是天生的，原來可以練習。', '很實用的好課程。 課程內容淺顯易懂，感覺收穫良多。', '老師示範辛苦了 課堂上學到了些新的實用觀念', '課程回饋 老師耐心又專業，學到很多。', '不錯 沒學過相關課程，挺有趣的。', '上完課.自己唱歌比較好聽 上完課.自己唱歌比較好聽', '內容精闢  內容精闢 受益良多', '很實用 很棒的歌唱課程!', '很棒的課程 老師講解很清楚', '會慢慢進步的 練習很重要～', '謝謝老師 內容非常實用', '很棒的課程 很棒的課程', '很棒的課程 很棒的課程', '真的超級好 受益良多', '上完課覺得唱歌比以前看書學的好聽 如題', '完業啦～ 斷斷續續的學習總算是學玩了這個課程，老師的講解都很清楚！\n但比較可惜的是沒有講到音色的部分，希望以後有機會～', '老師語速太慢，重複的概念講過多次 明白老師希望不斷重複提醒同學幾個重要概念，但是整堂課程重複提到太多次，200分鐘的課程有一半以上都是重複的訊息。線上課程畢竟與實體課程不同，未來老師若要開設其他課程希望夠改進這點，簡短快速的表達練習重點即可。', '效果不明顯 如標題']"
all_comment_rating,"[5.0, 5.0, 5.0, 5.0, 5.0, 5.0, 5.0, 5.0, 5.0, 5.0, 5.0, 5.0, 5.0, 5.0, 5.0, 5.0, 5.0, 5.0, 5.0, 5.0, 5.0, 5.0, 5.0, 5.0, 5.0, 5.0, 5.0, 5.0, 5.0, 5.0, 5.0, 5.0, 5.0, 5.0, 5.0, 5.0, 5.0, 5.0, 5.0, 5.0, 5.0, 5.0, 5.0, 5.0, 5.0, 5.0, 5.0, 5.0, 5.0, 4.0, 3.0, 2.0]"
